Date,Close,High,Low,Open,Volume
,ASSET_B,ASSET_B,ASSET_B,ASSET_B,ASSET_B
2024-06-03,90.757336,91.029608,89.730000,90.000000,27112647
2024-06-04,90.938009,91.210823,90.485064,90.757336,43343695
2024-06-05,89.537780,91.210823,89.269167,90.938009,29304735
2024-06-06,89.799833,90.069232,89.269167,89.537780,22954871
2024-06-07,91.055580,91.328747,89.530433,89.799833,10140392
2024-06-10,91.116662,91.390012,90.782413,91.055580,48765040
2024-06-11,92.159173,92.435651,90.843312,91.116662,20248419
2024-06-12,93.784652,94.066006,91.882696,92.159173,27580357
2024-06-13,93.541195,94.066006,93.260571,93.784652,33195507
2024-06-14,92.712324,93.821819,92.434187,93.541195,33834084
2024-06-17,94.131894,94.414290,92.434187,92.712324,48135125
2024-06-18,94.949329,95.234177,93.849498,94.131894,17890819
2024-06-19,94.418790,95.234177,94.135534,94.949329,9261938
2024-06-20,93.059546,94.702046,92.780367,94.418790,37994586
2024-06-21,92.396873,93.338724,92.119682,93.059546,22096236
2024-06-24,93.822138,94.103604,92.119682,92.396873,36275619
2024-06-25,94.027203,94.309284,93.540671,93.822138,41535603
2024-06-26,93.687230,94.309284,93.406168,94.027203,30541172
2024-06-27,91.700570,93.968291,91.425469,93.687230,24722453
2024-06-28,91.882728,92.158376,91.425469,91.700570,10010295
2024-07-01,91.018769,92.158376,90.745712,91.882728,15923539
2024-07-02,90.138007,91.291825,89.867593,91.018769,36632440
2024-07-03,94.082306,94.364553,89.867593,90.138007,41267281
2024-07-04,93.649560,94.364553,93.368611,94.082306,35844783
2024-07-05,93.076721,93.930509,92.797491,93.649560,8578035
2024-07-08,92.173128,93.355952,91.896608,93.076721,47770886
2024-07-09,92.279397,92.556235,91.896608,92.173128,35574427
2024-07-10,93.402072,93.682278,92.002559,92.279397,36708259
2024-07-11,94.495407,94.778893,93.121866,93.402072,7243800
2024-07-12,96.342083,96.631109,94.211921,94.495407,11400064
2024-07-15,96.379286,96.668424,96.053056,96.342083,8066639
2024-07-16,94.013932,96.668424,93.731890,96.379286,35974225
2024-07-17,94.077514,94.359747,93.731890,94.013932,8203693
2024-07-18,93.676503,94.359747,93.395473,94.077514,41624733
2024-07-19,92.380296,93.957532,92.103156,93.676503,26929524
2024-07-22,92.524576,92.802149,92.103156,92.380296,4641762
2024-07-23,91.062002,92.802149,90.788816,92.524576,37146599
2024-07-24,90.812714,91.335188,90.540276,91.062002,33589993
2024-07-25,89.814464,91.085152,89.545021,90.812714,19609639
2024-07-26,90.534791,90.806396,89.545021,89.814464,9959649
2024-07-29,90.552111,90.823768,90.263187,90.534791,25355725
2024-07-30,90.968256,91.241161,90.280455,90.552111,3966340
2024-07-31,89.218284,91.241161,88.950629,90.968256,12379420
2024-08-01,88.582647,89.485938,88.316899,89.218284,32352393
2024-08-02,89.388098,89.656262,88.316899,88.582647,12374684
2024-08-05,88.161325,89.656262,87.896841,89.388098,1189155
2024-08-06,88.834138,89.100641,87.896841,88.161325,49207274
2024-08-07,88.822478,89.100641,88.556010,88.834138,37594150
2024-08-08,89.212781,89.480420,88.556010,88.822478,48301243
2024-08-09,86.950650,89.480420,86.689798,89.212781,9445854
2024-08-12,87.043557,87.304687,86.689798,86.950650,24611083
2024-08-13,85.806554,87.304687,85.549135,87.043557,17036672
2024-08-14,85.002062,86.063974,84.747056,85.806554,35945801
2024-08-15,85.038826,85.293943,84.747056,85.002062,29196758
2024-08-16,82.756012,85.293943,82.507744,85.038826,28513920
2024-08-19,82.462902,83.004280,82.215514,82.756012,43438001
2024-08-20,82.649539,82.897488,82.215514,82.462902,18677608
2024-08-21,82.837691,83.086204,82.401590,82.649539,11485087
2024-08-22,86.100152,86.358453,82.589178,82.837691,22151301
2024-08-23,84.801152,86.358453,84.546748,86.100152,19079622
2024-08-26,84.880352,85.134993,84.546748,84.801152,6862395
2024-08-27,84.736677,85.134993,84.482467,84.880352,45735882
2024-08-28,84.539060,84.990887,84.285442,84.736677,14700031
2024-08-29,84.696540,84.950630,84.285442,84.539060,22551628
2024-08-30,83.956040,84.950630,83.704171,84.696540,8380977
2024-09-02,80.853206,84.207908,80.610646,83.956040,3229875
2024-09-03,78.684046,81.095766,78.447994,80.853206,35323630
2024-09-04,79.605936,79.844754,78.447994,78.684046,3087289
2024-09-05,80.053608,80.293769,79.367118,79.605936,30607138
2024-09-06,79.319958,80.293769,79.081999,80.053608,31195146
2024-09-09,80.774309,81.016632,79.081999,79.319958,24431384
2024-09-10,80.001632,81.016632,79.761627,80.774309,26434516
2024-09-11,81.977465,82.223397,79.761627,80.001632,16046993
2024-09-12,83.666028,83.917026,81.731533,81.977465,34026433
2024-09-13,85.709284,85.966412,83.415030,83.666028,1994354
2024-09-16,87.070654,87.331866,85.452156,85.709284,14149143
2024-09-17,86.027646,87.331866,85.769563,87.070654,39427039
2024-09-18,84.063246,86.285729,83.811056,86.027646,9626522
2024-09-19,83.807502,84.315436,83.556080,84.063246,43022749
2024-09-20,82.867417,84.058925,82.618815,83.807502,42880818
2024-09-23,85.853677,86.111238,82.618815,82.867417,4738380
2024-09-24,85.579448,86.111238,85.322709,85.853677,24243206
2024-09-25,85.537431,85.836186,85.280818,85.579448,17677479
2024-09-26,87.843275,88.106805,85.280818,85.537431,25691428
2024-09-27,85.632684,88.106805,85.375786,87.843275,18428608
2024-09-30,83.780144,85.889582,83.528804,85.632684,18168523
2024-10-01,83.358726,84.031485,83.108650,83.780144,40535436
2024-10-02,81.881891,83.608802,81.636245,83.358726,21400446
2024-10-03,83.097040,83.346331,81.636245,81.881891,46578553
2024-10-04,80.981944,83.346331,80.738998,83.097040,3901722
2024-10-07,81.346169,81.590207,80.738998,80.981944,41345570
2024-10-08,80.542120,81.590207,80.300494,81.346169,43637110
2024-10-09,80.056318,80.783746,79.816149,80.542120,42910301
2024-10-10,81.241885,81.485610,79.816149,80.056318,2799887
2024-10-11,80.190162,81.485610,79.949592,81.241885,35515662
2024-10-14,79.352198,80.430733,79.114141,80.190162,42939108
2024-10-15,78.977872,79.590254,78.740939,79.352198,7032024
2024-10-16,78.979447,79.216386,78.740939,78.977872,1242058
2024-10-17,78.522895,79.216386,78.287327,78.979447,41112081
2024-10-18,77.808855,78.758464,77.575429,78.522895,9509237
2024-10-21,77.915091,78.148837,77.575429,77.808855,39736907
2024-10-22,78.651740,78.887696,77.681346,77.915091,4536617
2024-10-23,79.948547,80.188393,78.415785,78.651740,1542782
2024-10-24,79.934943,80.188393,79.695138,79.948547,9960991
2024-10-25,79.819159,80.174748,79.579702,79.934943,34267626
2024-10-28,81.654997,81.899962,79.579702,79.819159,40623972
2024-10-29,81.986868,82.232828,81.410032,81.654997,47271973
2024-10-30,83.339831,83.589851,81.740907,81.986868,38411132
2024-10-31,84.483858,84.737309,83.089812,83.339831,1354212
2024-11-01,84.869230,85.123837,84.230406,84.483858,22802780
2024-11-04,86.737644,86.997857,84.614622,84.869230,23368100
2024-11-05,86.546809,86.997857,86.287168,86.737644,9038163
2024-11-06,87.499179,87.761676,86.287168,86.546809,32765358
2024-11-07,86.533854,87.761676,86.274252,87.499179,49282497
2024-11-08,84.745438,86.793455,84.491202,86.533854,26763248
2024-11-11,83.825601,84.999674,83.574124,84.745438,20827210
2024-11-12,84.629162,84.883049,83.574124,83.825601,3167864
2024-11-13,85.386500,85.642659,84.375274,84.629162,4381295
2024-11-14,84.752325,85.642659,84.498068,85.386500,45801511
2024-11-15,85.312426,85.568363,84.498068,84.752325,5579530
2024-11-18,83.930547,85.568363,83.678756,85.312426,8183152
2024-11-19,82.452365,84.182339,82.205008,83.930547,24554981
2024-11-20,81.400014,82.699722,81.155814,82.452365,12559561
2024-11-21,80.277421,81.644214,80.036589,81.400014,8032771
2024-11-22,81.109760,81.353089,80.036589,80.277421,8929212
2024-11-25,83.745362,83.996599,80.866430,81.109760,24716961
2024-11-26,86.146224,86.404663,83.494126,83.745362,2459912
2024-11-27,85.803264,86.404663,85.545854,86.146224,10668184
2024-11-28,85.058268,86.060674,84.803094,85.803264,26106443
2024-11-29,84.127352,85.313443,83.874969,85.058268,37350391
2024-12-02,84.533472,84.787073,83.874969,84.127352,7701203
2024-12-03,85.493297,85.749777,84.279872,84.533472,9852091
2024-12-04,84.072757,85.749777,83.820539,85.493297,4309073
2024-12-05,83.059809,84.324975,82.810630,84.072757,11052951
2024-12-06,83.962827,84.214716,82.810630,83.059809,28544034
2024-12-09,82.186501,84.214716,81.939942,83.962827,47904536
2024-12-10,79.706010,82.433061,79.466892,82.186501,37037542
2024-12-11,81.655982,81.900950,79.466892,79.706010,3826742
2024-12-12,81.297215,81.900950,81.053323,81.655982,27442729
2024-12-13,81.994341,82.240324,81.053323,81.297215,33534378
2024-12-16,82.340753,82.587775,81.748358,81.994341,36369629
2024-12-17,84.206712,84.459332,82.093731,82.340753,47479538
2024-12-18,83.845493,84.459332,83.593957,84.206712,21813619
2024-12-19,83.118494,84.097030,82.869138,83.845493,20103929
2024-12-20,84.451531,84.704886,82.869138,83.118494,42920266
2024-12-23,83.119825,84.704886,82.870466,84.451531,30478708
2024-12-24,83.040766,83.369185,82.791644,83.119825,43879851
2024-12-25,83.949906,84.201756,82.791644,83.040766,9818363
2024-12-26,84.169700,84.422209,83.698057,83.949906,32435030
2024-12-27,84.182530,84.435078,83.917191,84.169700,25653079
2024-12-30,84.357598,84.610671,83.929983,84.182530,36170912
2024-12-31,85.600632,85.857434,84.104525,84.357598,37151851
2025-01-01,86.969153,87.230061,85.343830,85.600632,16858524
2025-01-02,86.560384,87.230061,86.300703,86.969153,18908585
2025-01-03,85.545973,86.820065,85.289335,86.560384,18557807
2025-01-06,87.768084,88.031388,85.289335,85.545973,11024228
2025-01-07,87.376180,88.031388,87.114052,87.768084,17153115
2025-01-08,86.925762,87.638309,86.664985,87.376180,36844037
2025-01-09,86.519177,87.186539,86.259619,86.925762,17181051
2025-01-10,86.680300,86.940341,86.259619,86.519177,31448436
2025-01-13,85.230788,86.940341,84.975096,86.680300,40920548
2025-01-14,85.621240,85.878104,84.975096,85.230788,36193733
2025-01-15,84.521712,85.878104,84.268147,85.621240,15761520
2025-01-16,84.823792,85.078263,84.268147,84.521712,40165549
2025-01-17,84.742080,85.078263,84.487854,84.823792,27389095
2025-01-20,85.335921,85.591928,84.487854,84.742080,15996507
2025-01-21,84.996162,85.591928,84.741174,85.335921,36406747
2025-01-22,88.127468,88.391850,84.741174,84.996162,5944283
2025-01-23,87.322622,88.391850,87.060654,88.127468,26812491
2025-01-24,88.272172,88.536988,87.060654,87.322622,10369164
2025-01-27,88.142645,88.536988,87.878217,88.272172,3117275
2025-01-28,86.674140,88.407073,86.414117,88.142645,49831417
2025-01-29,85.318169,86.934162,85.062214,86.674140,46667391
2025-01-30,87.110719,87.372052,85.062214,85.318169,44454178
2025-01-31,85.424675,87.372052,85.168401,87.110719,47212037
2025-02-03,84.248521,85.680949,83.995776,85.424675,5253571
2025-02-04,84.910041,85.164771,83.995776,84.248521,24227730
2025-02-05,84.175095,85.164771,83.922570,84.910041,39133636
2025-02-06,83.402802,84.427621,83.152594,84.175095,13870719
2025-02-07,85.779854,86.037193,83.152594,83.402802,28140139
2025-02-10,87.822873,88.086341,85.522514,85.779854,43491333
2025-02-11,87.499971,88.086341,87.237471,87.822873,25750155
2025-02-12,89.200250,89.467851,87.237471,87.499971,27439457
2025-02-13,90.586687,90.858447,88.932650,89.200250,6308795
2025-02-14,90.640263,90.912183,90.314927,90.586687,3715558
2025-02-17,92.966348,93.245247,90.368342,90.640263,5402487
2025-02-18,92.526688,93.245247,92.249108,92.966348,13695309
2025-02-19,91.671652,92.804268,91.396638,92.526688,19817902
2025-02-20,93.382441,93.662588,91.396638,91.671652,14424776
2025-02-21,94.078271,94.360506,93.102294,93.382441,17045387
2025-02-24,94.206277,94.488896,93.796037,94.078271,18160158
2025-02-25,92.892158,94.488896,92.613482,94.206277,4963804
2025-02-26,93.060781,93.339963,92.613482,92.892158,13190458
2025-02-27,95.288602,95.574467,92.781598,93.060781,26587609
2025-02-28,96.094726,96.383010,95.002736,95.288602,49592546
2025-03-03,95.476378,96.383010,95.189948,96.094726,22262279
2025-03-04,95.851616,96.139171,95.189948,95.476378,28841248
2025-03-05,93.675167,96.139171,93.394142,95.851616,8875231
2025-03-06,92.016561,93.956193,91.740511,93.675167,2654927
2025-03-07,90.282544,92.292611,90.011696,92.016561,12925641
2025-03-10,90.259905,90.553391,89.989125,90.282544,7593843
2025-03-11,89.329214,90.530685,89.061226,90.259905,7998261
2025-03-12,88.692852,89.597201,88.426773,89.329214,44479178
2025-03-13,88.041960,88.958930,87.777834,88.692852,35833862
2025-03-14,88.462859,88.728248,87.777834,88.041960,44473356
2025-03-17,86.808882,88.728248,86.548455,88.462859,35821635
2025-03-18,83.595227,87.069309,83.344441,86.808882,10026008
2025-03-19,82.805526,83.846013,82.557109,83.595227,30977593
2025-03-20,82.348869,83.053942,82.101822,82.805526,13000625
2025-03-21,81.508983,82.595916,81.264456,82.348869,8857689
2025-03-24,82.836290,83.084799,81.264456,81.508983,29249508
2025-03-25,82.345491,83.084799,82.098454,82.836290,11859347
2025-03-26,82.705541,82.953658,82.098454,82.345491,12031528
2025-03-27,84.522123,84.775689,82.457424,82.705541,42868187
2025-03-28,83.964034,84.775689,83.712142,84.522123,18233985
2025-03-31,82.158639,84.215926,81.912163,83.964034,24171850
2025-04-01,82.712829,82.960967,81.912163,82.158639,28656442
2025-04-02,84.085650,84.337907,82.464690,82.712829,29732227
2025-04-03,83.553005,84.337907,83.302346,84.085650,47363374
2025-04-04,83.672248,83.923265,83.302346,83.553005,15635253
2025-04-07,83.717981,83.969135,83.421232,83.672248,16024666
2025-04-08,84.158705,84.411181,83.466827,83.717981,10429156
2025-04-09,83.566585,84.411181,83.315885,84.158705,21232542
2025-04-10,83.702442,83.953550,83.315885,83.566585,7074281
2025-04-11,82.838119,83.953550,82.589604,83.702442,24942541
2025-04-14,82.416939,83.086633,82.169688,82.838119,46487839
2025-04-15,83.221333,83.470997,82.169688,82.416939,48313630
2025-04-16,82.713006,83.470997,82.464867,83.221333,3841493
2025-04-17,82.752030,83.000286,82.464867,82.713006,1549361
2025-04-18,81.414328,83.000286,81.170085,82.752030,23220887
2025-04-21,81.734863,81.980068,81.170085,81.414328,48039751
2025-04-22,80.935570,81.980068,80.692763,81.734863,49362149
2025-04-23,83.790534,84.041905,80.692763,80.935570,40936840
2025-04-24,85.030523,85.285615,83.539162,83.790534,12870556
2025-04-25,83.955158,85.285615,83.703292,85.030523,12396856
2025-04-28,84.226921,84.479601,83.703292,83.955158,36035543
2025-04-29,83.073099,84.479601,82.823879,84.226921,16502021
2025-04-30,83.784192,84.035544,82.823879,83.073099,36776701
2025-05-01,84.507654,84.761177,83.532839,83.784192,5477059
2025-05-02,85.562088,85.818774,84.254131,84.507654,8926041
2025-05-05,85.104807,85.818774,84.849493,85.562088,46001668
2025-05-06,84.062220,85.360122,83.810033,85.104807,38899740
2025-05-07,81.910840,84.314407,81.665108,84.062220,34430349
2025-05-08,81.724699,82.156573,81.479525,81.910840,19492867
2025-05-09,83.347071,83.597112,81.479525,81.724699,13175620
2025-05-12,83.708971,83.960098,83.097029,83.347071,20005170
2025-05-13,83.079110,83.960098,82.829873,83.708971,18092403
2025-05-14,84.716502,84.970652,82.829873,83.079110,41731787
2025-05-15,84.864680,85.119274,84.462353,84.716502,28958969
2025-05-16,83.677325,85.119274,83.426293,84.864680,18237586
2025-05-19,83.452885,83.928357,83.202526,83.677325,2390914
2025-05-20,81.757932,83.703244,81.512659,83.452885,24353786
2025-05-21,81.301400,82.003206,81.057496,81.757932,13522639
2025-05-22,81.299957,81.545305,81.056057,81.301400,24075560
2025-05-23,82.124062,82.370434,81.056057,81.299957,34616356
2025-05-26,82.642156,82.890083,81.877690,82.124062,39432346
2025-05-27,82.443234,82.890083,82.195904,82.642156,32076007
2025-05-28,83.407475,83.657697,82.195904,82.443234,11716947
2025-05-29,83.088741,83.657697,82.839474,83.407475,14193034
2025-05-30,84.171615,84.424130,82.839474,83.088741,24057480
2025-06-02,83.896958,84.424130,83.645267,84.171615,10238944
2025-06-03,84.308867,84.561793,83.645267,83.896958,39833817
2025-06-04,82.159433,84.561793,81.912955,84.308867,49103430
2025-06-05,83.168694,83.418200,81.912955,82.159433,13608040
2025-06-06,83.124331,83.418200,82.874958,83.168694,30065988
2025-06-09,83.221608,83.471273,82.874958,83.124331,16808150
2025-06-10,84.040505,84.292627,82.971943,83.221608,15386232
2025-06-11,83.831381,84.292627,83.579887,84.040505,34981387
2025-06-12,83.196739,84.082875,82.947149,83.831381,13015686
2025-06-13,84.593183,84.846963,82.947149,83.196739,12482980
2025-06-16,85.237181,85.492892,84.339404,84.593183,49501955
2025-06-17,84.620243,85.492892,84.366382,85.237181,34361167
2025-06-18,85.887370,86.145032,84.366382,84.620243,38018338
2025-06-19,85.942557,86.200384,85.629708,85.887370,32340072
2025-06-20,85.877083,86.200384,85.619452,85.942557,33716216
2025-06-23,84.843683,86.134715,84.589152,85.877083,3172437
2025-06-24,85.422608,85.678876,84.589152,84.843683,21625650
2025-06-25,83.167080,85.678876,82.917579,85.422608,5258650
2025-06-26,82.480996,83.416581,82.233553,83.167080,22004166
2025-06-27,83.764110,84.015402,82.233553,82.480996,3102038
2025-06-30,82.568048,84.015402,82.320344,83.764110,46389757
2025-07-01,81.887435,82.815752,81.641773,82.568048,31255326
2025-07-02,83.262562,83.512350,81.641773,81.887435,35086906
2025-07-03,84.221151,84.473814,83.012775,83.262562,3177499
2025-07-04,83.856532,84.473814,83.604963,84.221151,47019317
2025-07-07,84.331321,84.584315,83.604963,83.856532,16170846
2025-07-08,84.858230,85.112805,84.078327,84.331321,33155864
2025-07-09,84.811008,85.112805,84.556575,84.858230,33576390
2025-07-10,83.459869,85.065441,83.209489,84.811008,24765213
2025-07-11,83.548563,83.799209,83.209489,83.459869,41660218
2025-07-14,81.295171,83.799209,81.051286,83.548563,11443747
2025-07-15,79.802181,81.539057,79.562775,81.295171,11887099
2025-07-16,79.665396,80.041588,79.426400,79.802181,42002007
2025-07-17,79.920916,80.160679,79.426400,79.665396,14337980
2025-07-18,81.670709,81.915721,79.681153,79.920916,3139693
2025-07-21,79.254755,81.915721,79.016991,81.670709,45882349
2025-07-22,78.614268,79.492519,78.378425,79.254755,4220906
2025-07-23,78.859856,79.096436,78.378425,78.614268,39084011
2025-07-24,79.386775,79.624935,78.623277,78.859856,16145941
2025-07-25,80.599306,80.841104,79.148615,79.386775,24799125
2025-07-28,79.072659,80.841104,78.835441,80.599306,31860006
2025-07-29,80.815407,81.057853,78.835441,79.072659,30776343
2025-07-30,79.750851,81.057853,79.511599,80.815407,40840411
2025-07-31,77.973021,79.990104,77.739102,79.750851,2852389
2025-08-01,77.206154,78.206940,76.974535,77.973021,28012324
2025-08-04,76.033941,77.437772,75.805840,77.206154,41255611
2025-08-05,73.638232,76.262043,73.417317,76.033941,17571031
2025-08-06,71.166374,73.859147,70.952875,73.638232,45234242
2025-08-07,71.734897,71.950102,70.952875,71.166374,17582923
2025-08-08,71.473068,71.950102,71.258649,71.734897,18140464
2025-08-11,74.260418,74.483199,71.258649,71.473068,42088243
2025-08-12,74.305661,74.528578,74.037637,74.260418,33849932
2025-08-13,74.204274,74.528578,73.981661,74.305661,32888770
2025-08-14,75.133127,75.358526,73.981661,74.204274,8198317
2025-08-15,74.990630,75.358526,74.765658,75.133127,17506298
2025-08-18,76.137379,76.365791,74.765658,74.990630,23402056
2025-08-19,76.133079,76.365791,75.904680,76.137379,7498567
2025-08-20,77.039235,77.270352,75.904680,76.133079,24597457
2025-08-21,76.540326,77.270352,76.310705,77.039235,47749388
2025-08-22,74.960151,76.769947,74.735270,76.540326,26313426
2025-08-25,76.058084,76.286258,74.735270,74.960151,26179573
2025-08-26,75.471109,76.286258,75.244695,76.058084,28270235
2025-08-27,76.804429,77.034842,75.244695,75.471109,39144139
2025-08-28,75.134132,77.034842,74.908730,76.804429,23120869
2025-08-29,73.818690,75.359535,73.597234,75.134132,3197348
2025-09-01,73.400895,74.040146,73.180692,73.818690,9912764
2025-09-02,75.374415,75.600538,73.180692,73.400895,8278322
2025-09-03,75.170521,75.600538,74.945009,75.374415,6482857
2025-09-04,74.521238,75.396032,74.297674,75.170521,39300115
2025-09-05,74.760577,74.984858,74.297674,74.521238,44284761
2025-09-08,74.797796,75.022189,74.536295,74.760577,36844580
2025-09-09,73.485676,75.022189,73.265219,74.797796,21251919
2025-09-10,73.314214,73.706133,73.094271,73.485676,30322736
2025-09-11,73.780127,74.001467,73.094271,73.314214,13619139
2025-09-12,72.687615,74.001467,72.469552,73.780127,17829296
2025-09-15,71.371242,72.905678,71.157128,72.687615,44294487
2025-09-16,72.735041,72.953246,71.157128,71.371242,15970441
2025-09-17,72.642301,72.953246,72.424374,72.735041,13747273
2025-09-18,71.203561,72.860228,70.989950,72.642301,26959285
2025-09-19,71.282053,71.495899,70.989950,71.203561,37544945
2025-09-22,71.524011,71.738583,71.068207,71.282053,7189926
2025-09-23,71.131199,71.738583,70.917805,71.524011,34624136
2025-09-24,71.143690,71.357121,70.917805,71.131199,39866394
2025-09-25,71.615188,71.830034,70.930259,71.143690,22974618
2025-09-26,71.114101,71.830034,70.900759,71.615188,18712203
2025-09-29,70.385912,71.327444,70.174754,71.114101,17291896
2025-09-30,71.325411,71.539388,70.174754,70.385912,35128470
2025-10-01,70.650317,71.539388,70.438366,71.325411,23391133
2025-10-02,70.574540,70.862268,70.362817,70.650317,42760578
2025-10-03,70.111870,70.786264,69.901534,70.574540,4929002
2025-10-06,70.485974,70.697432,69.901534,70.111870,23586929
2025-10-07,70.317343,70.697432,70.106391,70.485974,2187185
2025-10-08,69.905173,70.528295,69.695457,70.317343,37207087
2025-10-09,69.668660,70.114888,69.459654,69.905173,48157648
2025-10-10,70.211504,70.422138,69.459654,69.668660,6226339
2025-10-13,72.051986,72.268142,70.000869,70.211504,29009800
2025-10-14,71.990006,72.268142,71.774036,72.051986,17238135
2025-10-15,71.159307,72.205976,70.945829,71.990006,38104112
2025-10-16,71.388779,71.602945,70.945829,71.159307,6979244
2025-10-17,71.482461,71.696908,71.174613,71.388779,33749182
2025-10-20,71.342580,71.696908,71.128552,71.482461,46040642
2025-10-21,72.479555,72.696994,71.128552,71.342580,44660774
2025-10-22,72.564610,72.782304,72.262117,72.479555,41399238
2025-10-23,71.465761,72.782304,71.251364,72.564610,2134733
2025-10-24,69.493999,71.680159,69.285517,71.465761,9733958
2025-10-27,68.885005,69.702481,68.678350,69.493999,41456535
2025-10-28,68.599364,69.091660,68.393565,68.885005,31432168
2025-10-29,68.928552,69.135338,68.393565,68.599364,32150072
2025-10-30,66.556094,69.135338,66.356425,68.928552,42195409
2025-10-31,67.067116,67.268318,66.356425,66.556094,38414141
2025-11-03,67.675169,67.878194,66.865915,67.067116,43381504
2025-11-04,66.959153,67.878194,66.758276,67.675169,34135491
2025-11-05,65.836998,67.160031,65.639487,66.959153,11237301
2025-11-06,64.017577,66.034509,63.825524,65.836998,31972423
2025-11-07,63.990738,64.209629,63.798766,64.017577,13221903
2025-11-10,62.692320,64.182710,62.504243,63.990738,40468029
2025-11-11,62.892918,63.081597,62.504243,62.692320,21841403
2025-11-12,61.819624,63.081597,61.634165,62.892918,26969843
2025-11-13,61.304127,62.005083,61.120215,61.819624,19492681
2025-11-14,60.853376,61.488039,60.670816,61.304127,12287301
2025-11-17,60.012907,61.035936,59.832868,60.853376,31996266
2025-11-18,60.902244,61.084951,59.832868,60.012907,3663321
2025-11-19,61.229706,61.413395,60.719537,60.902244,41694010
2025-11-20,62.784498,62.972851,61.046017,61.229706,30136031
2025-11-21,64.003370,64.195380,62.596144,62.784498,7469603
2025-11-24,63.018015,64.195380,62.828961,64.003370,30687373
2025-11-25,62.192332,63.207069,62.005755,63.018015,29621240
2025-11-26,63.220869,63.410532,62.005755,62.192332,43899682
2025-11-27,63.456772,63.647142,63.031207,63.220869,32197197
2025-11-28,65.041735,65.236860,63.266401,63.456772,23419556
2025-12-01,64.970409,65.236860,64.775498,65.041735,48825318
2025-12-02,66.327966,66.526950,64.775498,64.970409,42891973
2025-12-03,65.069852,66.526950,64.874643,66.327966,25134961
2025-12-04,65.385394,65.581551,64.874643,65.069852,23370785
2025-12-05,64.954006,65.581551,64.759144,65.385394,39831027
2025-12-08,65.672472,65.869489,64.759144,64.954006,24374223
2025-12-09,63.666108,65.869489,63.475110,65.672472,48829286
2025-12-10,63.484773,63.857107,63.294318,63.666108,36751384
2025-12-11,63.981220,64.173164,63.294318,63.484773,14980732
2025-12-12,61.312650,64.173164,61.128712,63.981220,6880972
2025-12-15,59.066841,61.496588,58.889641,61.312650,23973200
2025-12-16,59.601249,59.780053,58.889641,59.066841,18192157
2025-12-17,58.295984,59.780053,58.121096,59.601249,42962786
2025-12-18,57.756837,58.470872,57.583567,58.295984,23642844
2025-12-19,56.911599,57.930108,56.740864,57.756837,16009120
2025-12-22,56.713571,57.082334,56.543430,56.911599,40832347
2025-12-23,55.205789,56.883711,55.040171,56.713571,37399251
2025-12-24,56.321296,56.490260,55.040171,55.205789,41601466
2025-12-25,55.366101,56.490260,55.200002,56.321296,11290747
2025-12-26,54.324077,55.532199,54.161105,55.366101,30345210
2025-12-29,54.111328,54.487049,53.948994,54.324077,47502978
2025-12-30,53.780561,54.273662,53.619220,54.111328,7231144
2025-12-31,52.600179,53.941903,52.442379,53.780561,21955938
2026-01-01,53.428094,53.588379,52.442379,52.600179,32155460
2026-01-02,53.789414,53.950783,53.267810,53.428094,18360230
2026-01-05,53.739098,53.950783,53.577880,53.789414,17055213
2026-01-06,54.441547,54.604872,53.577880,53.739098,37572917
2026-01-07,54.967285,55.132187,54.278223,54.441547,10232858
2026-01-08,54.718837,55.132187,54.554681,54.967285,13591281
2026-01-09,54.557277,54.882994,54.393606,54.718837,49132157
2026-01-12,53.589892,54.720949,53.429122,54.557277,26289783
2026-01-13,54.413470,54.576710,53.429122,53.589892,20906272
2026-01-14,54.030835,54.576710,53.868742,54.413470,4938640
2026-01-15,54.395933,54.559121,53.868742,54.030835,35416033
2026-01-16,53.611532,54.559121,53.450697,54.395933,44440698
2026-01-19,53.788950,53.950316,53.450697,53.611532,4407183
2026-01-20,53.443976,53.950316,53.283644,53.788950,46296292
2026-01-21,53.436917,53.604308,53.276606,53.443976,30567887
2026-01-22,53.863515,54.025105,53.276606,53.436917,25479699
2026-01-23,54.575142,54.738867,53.701924,53.863515,39500701
2026-01-26,54.473204,54.738867,54.309784,54.575142,9339453
2026-01-27,52.811907,54.636623,52.653471,54.473204,7145545
2026-01-28,52.869095,53.027702,52.653471,52.811907,8047874
2026-01-29,53.819131,53.980588,52.710488,52.869095,4716492
2026-01-30,53.387988,53.980588,53.227824,53.819131,32672744
2026-02-02,53.771227,53.932540,53.227824,53.387988,45155992
2026-02-03,55.084327,55.249580,53.609913,53.771227,19495939
2026-02-04,55.900434,56.068135,54.919074,55.084327,40190285
2026-02-05,56.148531,56.316977,55.732733,55.900434,39031974
2026-02-06,55.934461,56.316977,55.766658,56.148531,42322408
2026-02-09,55.202104,56.102264,55.036498,55.934461,20499784
2026-02-10,53.828869,55.367711,53.667383,55.202104,23166636
2026-02-11,53.818680,53.990356,53.657224,53.828869,43316568
2026-02-12,54.178646,54.341182,53.657224,53.818680,44730625
2026-02-13,53.226357,54.341182,53.066678,54.178646,18421805
2026-02-16,53.588962,53.749729,53.066678,53.226357,7108103
2026-02-17,54.012074,54.174111,53.428195,53.588962,41949119
2026-02-18,53.556776,54.174111,53.396105,54.012074,19481664
2026-02-19,53.145704,53.717446,52.986267,53.556776,6033189
2026-02-20,54.034030,54.196132,52.986267,53.145704,9899383
2026-02-23,54.129532,54.291921,53.871928,54.034030,4663453
2026-02-24,55.137154,55.302566,53.967144,54.129532,28030016
2026-02-25,54.586817,55.302566,54.423057,55.137154,29259335
2026-02-26,55.968568,56.136474,54.423057,54.586817,9882487
2026-02-27,55.476588,56.136474,55.310158,55.968568,4541189
2026-03-02,55.510183,55.676714,55.310158,55.476588,4462584
2026-03-03,54.783154,55.676714,54.618804,55.510183,39266485
2026-03-04,53.172628,54.947503,53.013110,54.783154,8402270
2026-03-05,53.251449,53.411203,53.013110,53.172628,3440006
2026-03-06,52.873299,53.411203,52.714679,53.251449,44068524
2026-03-09,53.272715,53.432533,52.714679,52.873299,3790478
2026-03-10,53.550045,53.710695,53.112897,53.272715,31603426
2026-03-11,53.616558,53.777408,53.389395,53.550045,2950429
2026-03-12,55.832139,55.999636,53.455709,53.616558,41804695
2026-03-13,55.369991,55.999636,55.203881,55.832139,5702472
2026-03-16,56.781308,56.951652,55.203881,55.369991,10522161
2026-03-17,56.719107,56.951652,56.548950,56.781308,20288665
2026-03-18,56.756695,56.926966,56.548950,56.719107,34570139
2026-03-19,55.311373,56.926966,55.145439,56.756695,12008049
2026-03-20,55.543318,55.709948,55.145439,55.311373,47928567
2026-03-23,55.966649,56.134549,55.376688,55.543318,39651686
2026-03-24,56.656503,56.826473,55.798749,55.966649,34420564
2026-03-25,57.202097,57.373703,56.486534,56.656503,2817259
2026-03-26,56.719464,57.373703,56.549306,57.202097,49053848
2026-03-27,56.425624,56.889623,56.256348,56.719464,4087884
2026-03-30,56.015124,56.594901,55.847079,56.425624,43556434
2026-03-31,56.244883,56.413617,55.847079,56.015124,36260257
2026-04-01,55.895984,56.413617,55.728296,56.244883,41508213
2026-04-02,55.419362,56.063672,55.253104,55.895984,39954856
2026-04-03,56.209592,56.378220,55.253104,55.419362,24288251
2026-04-06,55.868200,56.378220,55.700595,56.209592,19428093
2026-04-07,57.151914,57.323369,55.700595,55.868200,25941072
2026-04-08,56.556470,57.323369,56.386801,57.151914,34658676
2026-04-09,56.905378,57.076094,56.386801,56.556470,11755678
2026-04-10,56.044036,57.076094,55.875904,56.905378,3804050
2026-04-13,55.747968,56.212169,55.580724,56.044036,21296969
2026-04-14,55.468269,55.915212,55.301865,55.747968,29673384
2026-04-15,54.877150,55.634674,54.712518,55.468269,7555592
2026-04-16,54.989516,55.154484,54.712518,54.877150,47362016
2026-04-17,54.908223,55.154484,54.743498,54.989516,45653848
2026-04-20,54.669250,55.072947,54.505243,54.908223,25917495
2026-04-21,54.372052,54.833258,54.208936,54.669250,25435786
2026-04-22,54.074729,54.535168,53.912505,54.372052,3960543
2026-04-23,53.993907,54.236953,53.831925,54.074729,33187833
2026-04-24,53.256814,54.155888,53.097043,53.993907,31505666
2026-04-27,53.548620,53.709266,53.097043,53.256814,48812822
2026-04-28,51.949728,53.709266,51.793879,53.548620,28548201
2026-04-29,52.547575,52.705217,51.793879,51.949728,5441915
2026-04-30,53.400003,53.560203,52.389932,52.547575,48634197
2026-05-01,54.420203,54.583464,53.239803,53.400003,7296828
